mean_fit_time,std_fit_time,mean_score_time,std_score_time,param_criterion,param_max_depth,param_min_samples_leaf,param_min_samples_split,param_splitter,params,split0_test_score,split1_test_score,split2_test_score,split3_test_score,split4_test_score,mean_test_score,std_test_score,rank_test_score
0.011708259582519531,0.00045129917735918767,0.007920598983764649,0.012553575760955102,gini,,1,2,best,"{'criterion': 'gini', 'max_depth': None, 'min_samples_leaf': 1, 'min_samples_split': 2, 'splitter': 'best'}",0.6886075949367089,0.6883445945945946,0.6765202702702703,0.6714527027027027,0.6967905405405406,0.6843431406089634,0.009126835810075083,5
0.006764698028564453,0.00048318853917755564,0.0011243820190429688,0.0004947304436966364,gini,,1,2,random,"{'criterion': 'gini', 'max_depth': None, 'min_samples_leaf': 1, 'min_samples_split': 2, 'splitter': 'random'}",0.6708860759493671,0.6680743243243243,0.6672297297297297,0.6596283783783784,0.6579391891891891,0.6647515395141977,0.005049153590205025,110
0.011171770095825196,0.00029942413657597157,0.001139688491821289,0.00022338487001086573,gini,,1,5,best,"{'criterion': 'gini', 'max_depth': None, 'min_samples_leaf': 1, 'min_samples_split': 5, 'splitter': 'best'}",0.6852320675105485,0.6866554054054054,0.6756756756756757,0.6680743243243243,0.6951013513513513,0.6821477648534612,0.009354964628866636,9
0.0047759532928466795,0.0004253781251254037,0.0015625,0.00044989864093787516,gini,,1,5,random,"{'criterion': 'gini', 'max_depth': None, 'min_samples_leaf': 1, 'min_samples_split': 5, 'splitter': 'random'}",0.6827004219409283,0.6807432432432432,0.652027027027027,0.6739864864864865,0.6967905405405406,0.6772495438476451,0.014632781398729118,20
0.010122585296630859,0.0003150425033547164,0.001024484634399414,5.2228581463218004e-05,gini,,1,10,best,"{'criterion': 'gini', 'max_depth': None, 'min_samples_leaf': 1, 'min_samples_split': 10, 'splitter': 'best'}",0.6759493670886076,0.6765202702702703,0.6883445945945946,0.6706081081081081,0.6773648648648649,0.6777574409852891,0.005799217546187767,16
0.0042132377624511715,0.0004366439958898274,0.001218557357788086,0.0003932411314273254,gini,,1,10,random,"{'criterion': 'gini', 'max_depth': None, 'min_samples_leaf': 1, 'min_samples_split': 10, 'splitter': 'random'}",0.6548523206751055,0.6587837837837838,0.6452702702702703,0.6579391891891891,0.6672297297297297,0.6568150587296157,0.00708151679954688,144
0.01193695068359375,0.0026239924546128295,0.001548004150390625,0.0006731117065062285,gini,,2,2,best,"{'criterion': 'gini', 'max_depth': None, 'min_samples_leaf': 2, 'min_samples_split': 2, 'splitter': 'best'}",0.6818565400843882,0.6756756756756757,0.6638513513513513,0.6554054054054054,0.6815878378378378,0.6716753620709317,0.010429215734135572,43
0.005870962142944336,0.0011158243669565733,0.0017132282257080079,0.00039518615304416903,gini,,2,2,random,"{'criterion': 'gini', 'max_depth': None, 'min_samples_leaf': 2, 'min_samples_split': 2, 'splitter': 'random'}",0.6691983122362869,0.6554054054054054,0.6883445945945946,0.674831081081081,0.6478040540540541,0.6671166894742844,0.014315034113825295,80
0.010746526718139648,0.00045762204919965556,0.0011065006256103516,0.00047910529956878077,gini,,2,5,best,"{'criterion': 'gini', 'max_depth': None, 'min_samples_leaf': 2, 'min_samples_split': 5, 'splitter': 'best'}",0.6742616033755274,0.6807432432432432,0.668918918918919,0.6511824324324325,0.6866554054054054,0.6723523206751054,0.012153876670457057,36
0.004529142379760742,0.0002680857466217024,0.0016888618469238282,0.0005500131441892399,gini,,2,5,random,"{'criterion': 'gini', 'max_depth': None, 'min_samples_leaf': 2, 'min_samples_split': 5, 'splitter': 'random'}",0.6438818565400843,0.6554054054054054,0.6815878378378378,0.6545608108108109,0.6706081081081081,0.6612088037404493,0.01327968595148517,124
0.010269403457641602,0.0004683731378383657,0.0012020587921142579,0.00039915033958279767,gini,,2,10,best,"{'criterion': 'gini', 'max_depth': None, 'min_samples_leaf': 2, 'min_samples_split': 10, 'splitter': 'best'}",0.6784810126582278,0.6790540540540541,0.6790540540540541,0.6680743243243243,0.6798986486486487,0.6769124187478618,0.0044421430072615455,23
0.0041923046112060545,0.0004577301529692411,0.0015223026275634766,0.0004499302114603519,gini,,2,10,random,"{'criterion': 'gini', 'max_depth': None, 'min_samples_leaf': 2, 'min_samples_split': 10, 'splitter': 'random'}",0.640506329113924,0.6646959459459459,0.6621621621621622,0.6300675675675675,0.6663851351351351,0.652763427984947,0.014707893442150064,162
0.009978771209716797,0.0005618096328797439,0.0016527652740478515,0.000506387713089343,gini,,4,2,best,"{'criterion': 'gini', 'max_depth': None, 'min_samples_leaf': 4, 'min_samples_split': 2, 'splitter': 'best'}",0.6751054852320675,0.6765202702702703,0.6655405405405406,0.6587837837837838,0.6722972972972973,0.6696494754247919,0.006617150840274821,63
0.004370546340942383,0.0004515894507468215,0.0012292861938476562,0.00038756228909259154,gini,,4,2,random,"{'criterion': 'gini', 'max_depth': None, 'min_samples_leaf': 4, 'min_samples_split': 2, 'splitter': 'random'}",0.6514767932489451,0.6554054054054054,0.6266891891891891,0.6402027027027027,0.6528716216216216,0.6453291424335728,0.010676534265336048,181
0.008972930908203124,0.000551416176239517,0.0011987686157226562,0.0003982804164752592,gini,,4,5,best,"{'criterion': 'gini', 'max_depth': None, 'min_samples_leaf': 4, 'min_samples_split': 5, 'splitter': 'best'}",0.6784810126582278,0.6807432432432432,0.6663851351351351,0.6587837837837838,0.6731418918918919,0.6715070133424563,0.008058928512913937,46
0.004372310638427734,0.00041332569437904675,0.001000690460205078,8.313939940530154e-07,gini,,4,5,random,"{'criterion': 'gini', 'max_depth': None, 'min_samples_leaf': 4, 'min_samples_split': 5, 'splitter': 'random'}",0.639662447257384,0.6486486486486487,0.6342905405405406,0.6815878378378378,0.660472972972973,0.6529324894514769,0.01685203521202478,161
0.008660078048706055,0.0002964770836838249,0.0011999130249023438,0.00039903166505413204,gini,,4,10,best,"{'criterion': 'gini', 'max_depth': None, 'min_samples_leaf': 4, 'min_samples_split': 10, 'splitter': 'best'}",0.6759493670886076,0.6790540540540541,0.6672297297297297,0.6655405405405406,0.6765202702702703,0.6728587923366405,0.005414471274036749,31
0.003727579116821289,0.0006408802915636152,0.001407480239868164,0.0004848420009944439,gini,,4,10,random,"{'criterion': 'gini', 'max_depth': None, 'min_samples_leaf': 4, 'min_samples_split': 10, 'splitter': 'random'}",0.6438818565400843,0.6579391891891891,0.6402027027027027,0.606418918918919,0.6503378378378378,0.6397561010377466,0.017726741785029913,192
0.007571649551391601,0.0004714391198450688,0.001375722885131836,0.0004630103145620376,gini,10.0,1,2,best,"{'criterion': 'gini', 'max_depth': 10, 'min_samples_leaf': 1, 'min_samples_split': 2, 'splitter': 'best'}",0.6666666666666666,0.6900337837837838,0.6663851351351351,0.668918918918919,0.6655405405405406,0.671509009009009,0.009329531883495824,44
0.0032015323638916017,0.00040018390252330953,0.001197671890258789,0.0004016995654635513,gini,10.0,1,2,random,"{'criterion': 'gini', 'max_depth': 10, 'min_samples_leaf': 1, 'min_samples_split': 2, 'splitter': 'random'}",0.610126582278481,0.5996621621621622,0.5954391891891891,0.6275337837837838,0.606418918918919,0.607836127266507,0.011097298005864911,204
0.00789175033569336,0.0004561293404911776,0.001113748550415039,0.00048064193545050153,gini,10.0,1,5,best,"{'criterion': 'gini', 'max_depth': 10, 'min_samples_leaf': 1, 'min_samples_split': 5, 'splitter': 'best'}",0.6675105485232068,0.6866554054054054,0.6697635135135135,0.6630067567567568,0.6655405405405406,0.6704953529478846,0.008381183457565455,56
0.002963352203369141,0.00012858048144248244,0.0012954235076904296,0.00040907964018184175,gini,10.0,1,5,random,"{'criterion': 'gini', 'max_depth': 10, 'min_samples_leaf': 1, 'min_samples_split': 5, 'splitter': 'random'}",0.6050632911392405,0.620777027027027,0.5853040540540541,0.6089527027027027,0.6173986486486487,0.6074991447143345,0.012449663447162973,206
0.007440185546875,0.0004180094324725131,0.0009982585906982422,6.197048796190159e-06,gini,10.0,1,10,best,"{'criterion': 'gini', 'max_depth': 10, 'min_samples_leaf': 1, 'min_samples_split': 10, 'splitter': 'best'}",0.660759493670886,0.6858108108108109,0.6672297297297297,0.6596283783783784,0.6570945945945946,0.66610460143688,0.01040473418205537,96
0.003149557113647461,0.0004367770429918234,0.0013280868530273437,0.0004176644024550847,gini,10.0,1,10,random,"{'criterion': 'gini', 'max_depth': 10, 'min_samples_leaf': 1, 'min_samples_split': 10, 'splitter': 'random'}",0.6253164556962025,0.5954391891891891,0.5346283783783784,0.6097972972972973,0.5996621621621622,0.592968696544646,0.0309324356138995,215
0.0080078125,0.0001288166029338864,0.0010002613067626952,1.0070186654063642e-06,gini,10.0,2,2,best,"{'criterion': 'gini', 'max_depth': 10, 'min_samples_leaf': 2, 'min_samples_split': 2, 'splitter': 'best'}",0.6616033755274262,0.6841216216216216,0.6596283783783784,0.660472972972973,0.6630067567567568,0.6657666210514313,0.009247229241688632,100
0.003365039825439453,0.00042159861448826704,0.00143890380859375,0.00046072467662669616,gini,10.0,2,2,random,"{'criterion': 'gini', 'max_depth': 10, 'min_samples_leaf': 2, 'min_samples_split': 2, 'splitter': 'random'}",0.6337552742616034,0.6140202702702703,0.5658783783783784,0.5768581081081081,0.5836148648648649,0.5948253791766451,0.02518097651570232,214
0.007951307296752929,0.0002183696785979858,0.0012820243835449218,0.0005228799685453154,gini,10.0,2,5,best,"{'criterion': 'gini', 'max_depth': 10, 'min_samples_leaf': 2, 'min_samples_split': 5, 'splitter': 'best'}",0.6632911392405063,0.6824324324324325,0.6638513513513513,0.6570945945945946,0.660472972972973,0.6654284981183716,0.00883403253859423,104
0.0032540321350097655,0.0003831917103495074,0.0012544155120849609,0.00038948643448356716,gini,10.0,2,5,random,"{'criterion': 'gini', 'max_depth': 10, 'min_samples_leaf': 2, 'min_samples_split': 5, 'splitter': 'random'}",0.5915611814345991,0.5945945945945946,0.5827702702702703,0.6021959459459459,0.6030405405405406,0.59483250655719,0.007454498989266056,213
0.0075343608856201175,0.00043942784921324095,0.0011257171630859376,0.00025409151094854727,gini,10.0,2,10,best,"{'criterion': 'gini', 'max_depth': 10, 'min_samples_leaf': 2, 'min_samples_split': 10, 'splitter': 'best'}",0.6590717299578059,0.6807432432432432,0.6663851351351351,0.6554054054054054,0.6579391891891891,0.6639089405861557,0.009174660041327757,116
0.0036882877349853514,0.0004133259419274685,0.0012775421142578124,0.0004965632894113856,gini,10.0,2,10,random,"{'criterion': 'gini', 'max_depth': 10, 'min_samples_leaf': 2, 'min_samples_split': 10, 'splitter': 'random'}",0.5814345991561182,0.5743243243243243,0.5988175675675675,0.5692567567567568,0.6106418918918919,0.5868950279393317,0.015524226106000998,216
0.007556629180908203,0.0006469914757211416,0.0011997222900390625,0.00046858610669345036,gini,10.0,4,2,best,"{'criterion': 'gini', 'max_depth': 10, 'min_samples_leaf': 4, 'min_samples_split': 2, 'splitter': 'best'}",0.6573839662447257,0.6706081081081081,0.6613175675675675,0.65625,0.65625,0.6603619283840803,0.005451267994900536,130
0.00322575569152832,0.00042903414763619094,0.0011057376861572266,0.00048066201180369526,gini,10.0,4,2,random,"{'criterion': 'gini', 'max_depth': 10, 'min_samples_leaf': 4, 'min_samples_split': 2, 'splitter': 'random'}",0.6320675105485232,0.6055743243243243,0.606418918918919,0.6266891891891891,0.6013513513513513,0.6144202588664613,0.012450064142102988,200
0.007460784912109375,0.0004428032011310202,0.00110626220703125,0.0007042708552898098,gini,10.0,4,5,best,"{'criterion': 'gini', 'max_depth': 10, 'min_samples_leaf': 4, 'min_samples_split': 5, 'splitter': 'best'}",0.6573839662447257,0.6706081081081081,0.6613175675675675,0.6554054054054054,0.65625,0.6601930094651614,0.005587452205748488,132
0.003426980972290039,7.36489462532773e-05,0.001135873794555664,4.491325117798465e-05,gini,10.0,4,5,random,"{'criterion': 'gini', 'max_depth': 10, 'min_samples_leaf': 4, 'min_samples_split': 5, 'splitter': 'random'}",0.5822784810126582,0.59375,0.637668918918919,0.5625,0.6165540540540541,0.5985502907971262,0.026236770416721896,211
0.007336711883544922,0.0004808162037359371,0.0011329174041748047,0.00024776994671505824,gini,10.0,4,10,best,"{'criterion': 'gini', 'max_depth': 10, 'min_samples_leaf': 4, 'min_samples_split': 10, 'splitter': 'best'}",0.6573839662447257,0.668918918918919,0.6621621621621622,0.6579391891891891,0.6596283783783784,0.6612065229786749,0.004199339182388819,125
0.003242969512939453,0.0006939208194115885,0.0012441635131835937,0.0003813414536818391,gini,10.0,4,10,random,"{'criterion': 'gini', 'max_depth': 10, 'min_samples_leaf': 4, 'min_samples_split': 10, 'splitter': 'random'}",0.6371308016877637,0.6030405405405406,0.6114864864864865,0.612331081081081,0.6300675675675675,0.6188112954726879,0.012701737564707766,199
0.010668039321899414,0.0005685969310075098,0.0014194488525390626,0.0004650942290508082,gini,20.0,1,2,best,"{'criterion': 'gini', 'max_depth': 20, 'min_samples_leaf': 1, 'min_samples_split': 2, 'splitter': 'best'}",0.6869198312236287,0.6959459459459459,0.6841216216216216,0.6706081081081081,0.6841216216216216,0.6843434257041852,0.008124206852712146,4
0.005131244659423828,0.00020992292180266062,0.0010185718536376953,3.375703992007984e-05,gini,20.0,1,2,random,"{'criterion': 'gini', 'max_depth': 20, 'min_samples_leaf': 1, 'min_samples_split': 2, 'splitter': 'random'}",0.6919831223628692,0.6807432432432432,0.668918918918919,0.674831081081081,0.6908783783783784,0.6814709487968982,0.008957414550255699,10
0.010434293746948242,0.00025256221938822884,0.0010587215423583985,9.711542353150275e-05,gini,20.0,1,5,best,"{'criterion': 'gini', 'max_depth': 20, 'min_samples_leaf': 1, 'min_samples_split': 5, 'splitter': 'best'}",0.6835443037974683,0.683277027027027,0.6790540540540541,0.668918918918919,0.6891891891891891,0.6807966985973314,0.00675653345854985,11
0.006601095199584961,0.0014407531247737082,0.0012258529663085938,0.00039080584426510497,gini,20.0,1,5,random,"{'criterion': 'gini', 'max_depth': 20, 'min_samples_leaf': 1, 'min_samples_split': 5, 'splitter': 'random'}",0.6767932489451477,0.674831081081081,0.652027027027027,0.6706081081081081,0.6866554054054054,0.6721829741133538,0.01137067085023251,38
0.009404468536376952,0.000310106139768557,0.0012235641479492188,0.00044775011694342365,gini,20.0,1,10,best,"{'criterion': 'gini', 'max_depth': 20, 'min_samples_leaf': 1, 'min_samples_split': 10, 'splitter': 'best'}",0.680168776371308,0.6773648648648649,0.6858108108108109,0.6672297297297297,0.6731418918918919,0.676743214733721,0.006289962530380632,24
0.004419374465942383,0.00044917114717609987,0.0012382984161376954,0.00030419592460684513,gini,20.0,1,10,random,"{'criterion': 'gini', 'max_depth': 20, 'min_samples_leaf': 1, 'min_samples_split': 10, 'splitter': 'random'}",0.660759493670886,0.6765202702702703,0.6478040540540541,0.65625,0.6418918918918919,0.6566451419774204,0.011898974539446048,147
0.010079622268676758,0.00043681643806546045,0.0016856670379638671,0.00038996926418224573,gini,20.0,2,2,best,"{'criterion': 'gini', 'max_depth': 20, 'min_samples_leaf': 2, 'min_samples_split': 2, 'splitter': 'best'}",0.6751054852320675,0.6756756756756757,0.65625,0.6596283783783784,0.6841216216216216,0.6701562321815486,0.010528157138302009,61
0.004635143280029297,0.0004694473180374502,0.0011154651641845704,0.00023202950014615447,gini,20.0,2,2,random,"{'criterion': 'gini', 'max_depth': 20, 'min_samples_leaf': 2, 'min_samples_split': 2, 'splitter': 'random'}",0.6691983122362869,0.6663851351351351,0.6697635135135135,0.6444256756756757,0.6368243243243243,0.6573193921769871,0.013888472374585173,139
0.009765529632568359,0.0007139552150294018,0.0012005329132080077,0.0004002602065600367,gini,20.0,2,5,best,"{'criterion': 'gini', 'max_depth': 20, 'min_samples_leaf': 2, 'min_samples_split': 5, 'splitter': 'best'}",0.6776371308016877,0.6782094594594594,0.6613175675675675,0.6587837837837838,0.6841216216216216,0.672013912646824,0.010060319151302554,40
0.004611015319824219,0.0004393348673394448,0.0010011672973632812,1.3934745022013149e-06,gini,20.0,2,5,random,"{'criterion': 'gini', 'max_depth': 20, 'min_samples_leaf': 2, 'min_samples_split': 5, 'splitter': 'random'}",0.6590717299578059,0.6528716216216216,0.6579391891891891,0.6646959459459459,0.674831081081081,0.6618819135591287,0.0074863513932383035,120
0.009604644775390626,0.0006629673735029452,0.0010179042816162109,1.9629017689611553e-05,gini,20.0,2,10,best,"{'criterion': 'gini', 'max_depth': 20, 'min_samples_leaf': 2, 'min_samples_split': 10, 'splitter': 'best'}",0.6776371308016877,0.6765202702702703,0.6798986486486487,0.6680743243243243,0.6773648648648649,0.6758990477819593,0.0040688714397305505,26
0.004001617431640625,0.0002203357653079375,0.001200389862060547,0.0003997335709254115,gini,20.0,2,10,random,"{'criterion': 'gini', 'max_depth': 20, 'min_samples_leaf': 2, 'min_samples_split': 10, 'splitter': 'random'}",0.6700421940928271,0.6486486486486487,0.65625,0.6469594594594594,0.6706081081081081,0.6585016820618087,0.01015011538558156,136
0.008790922164916993,0.00040708969196006495,0.0012012004852294921,0.0003998077941387232,gini,20.0,4,2,best,"{'criterion': 'gini', 'max_depth': 20, 'min_samples_leaf': 4, 'min_samples_split': 2, 'splitter': 'best'}",0.6776371308016877,0.6765202702702703,0.6663851351351351,0.6613175675675675,0.6739864864864865,0.6711693180522295,0.006298366822995299,50
0.004037189483642578,0.0003204432412518391,0.0012064933776855468,0.00039971210334409254,gini,20.0,4,2,random,"{'criterion': 'gini', 'max_depth': 20, 'min_samples_leaf': 4, 'min_samples_split': 2, 'splitter': 'random'}",0.6506329113924051,0.6258445945945946,0.6646959459459459,0.6765202702702703,0.6486486486486487,0.6532684741703729,0.01703872813943162,160
0.009293556213378906,0.0006504323819711229,0.001008892059326172,3.674388455875821e-05,gini,20.0,4,5,best,"{'criterion': 'gini', 'max_depth': 20, 'min_samples_leaf': 4, 'min_samples_split': 5, 'splitter': 'best'}",0.6759493670886076,0.6815878378378378,0.6663851351351351,0.6613175675675675,0.6739864864864865,0.6718452788231268,0.007169262727471491,42
0.003990554809570312,0.0006051091080611171,0.0010677337646484374,7.830351452218064e-05,gini,20.0,4,5,random,"{'criterion': 'gini', 'max_depth': 20, 'min_samples_leaf': 4, 'min_samples_split': 5, 'splitter': 'random'}",0.6548523206751055,0.620777027027027,0.6402027027027027,0.6494932432432432,0.6452702702702703,0.6421191127836696,0.011709820056593651,185
0.008940887451171876,0.0005274682336467661,0.0010091781616210938,1.670455235709572e-05,gini,20.0,4,10,best,"{'criterion': 'gini', 'max_depth': 20, 'min_samples_leaf': 4, 'min_samples_split': 10, 'splitter': 'best'}",0.6767932489451477,0.6782094594594594,0.6672297297297297,0.6638513513513513,0.6798986486486487,0.6731964876268675,0.006417465430338436,30
0.003200054168701172,0.00040019420336663705,0.001000213623046875,2.0531702176676737e-06,gini,20.0,4,10,random,"{'criterion': 'gini', 'max_depth': 20, 'min_samples_leaf': 4, 'min_samples_split': 10, 'splitter': 'random'}",0.6160337552742616,0.6385135135135135,0.6537162162162162,0.65625,0.6646959459459459,0.6458418861899875,0.017134988710236932,178
0.010950756072998048,0.00046726998891842943,0.0013439655303955078,0.000435173487829812,gini,30.0,1,2,best,"{'criterion': 'gini', 'max_depth': 30, 'min_samples_leaf': 1, 'min_samples_split': 2, 'splitter': 'best'}",0.6894514767932489,0.7018581081081081,0.6815878378378378,0.6714527027027027,0.6900337837837838,0.6868767818451362,0.010068872807007367,1
0.005730581283569336,0.00040541693496347515,0.0010182380676269532,3.6032107650370284e-05,gini,30.0,1,2,random,"{'criterion': 'gini', 'max_depth': 30, 'min_samples_leaf': 1, 'min_samples_split': 2, 'splitter': 'random'}",0.6700421940928271,0.6782094594594594,0.6672297297297297,0.6714527027027027,0.6722972972972973,0.6718462766564033,0.003617060543674443,41
0.010466909408569336,0.00036834442402142365,0.0010064601898193359,1.6574190167953766e-05,gini,30.0,1,5,best,"{'criterion': 'gini', 'max_depth': 30, 'min_samples_leaf': 1, 'min_samples_split': 5, 'splitter': 'best'}",0.6886075949367089,0.6883445945945946,0.6765202702702703,0.6697635135135135,0.6951013513513513,0.6836674649332878,0.00918059302632531,6
0.004598855972290039,0.000489396190462293,0.0014015674591064454,0.000491034523709104,gini,30.0,1,5,random,"{'criterion': 'gini', 'max_depth': 30, 'min_samples_leaf': 1, 'min_samples_split': 5, 'splitter': 'random'}",0.6751054852320675,0.6646959459459459,0.6537162162162162,0.6680743243243243,0.6858108108108109,0.669480556505873,0.010693001830780667,64
0.009593343734741211,0.00037662965961439676,0.0011646747589111328,0.00027695759577044696,gini,30.0,1,10,best,"{'criterion': 'gini', 'max_depth': 30, 'min_samples_leaf': 1, 'min_samples_split': 10, 'splitter': 'best'}",0.6784810126582278,0.6756756756756757,0.6900337837837838,0.668918918918919,0.6756756756756757,0.6777570133424563,0.0068995523548121725,17
0.0040172100067138675,5.16748496546032e-05,0.0011458873748779296,0.00024306281979542143,gini,30.0,1,10,random,"{'criterion': 'gini', 'max_depth': 30, 'min_samples_leaf': 1, 'min_samples_split': 10, 'splitter': 'random'}",0.6776371308016877,0.6570945945945946,0.6317567567567568,0.6638513513513513,0.6722972972972973,0.6605274261603375,0.016011596351764756,129
0.00995779037475586,0.0001393016734273485,0.0012337684631347657,0.00046840195836351796,gini,30.0,2,2,best,"{'criterion': 'gini', 'max_depth': 30, 'min_samples_leaf': 2, 'min_samples_split': 2, 'splitter': 'best'}",0.6784810126582278,0.6798986486486487,0.6638513513513513,0.6554054054054054,0.6849662162162162,0.6725205268559699,0.01107195774951947,34
0.004069662094116211,0.00033239649652506834,0.001369810104370117,0.00045703518539405596,gini,30.0,2,2,random,"{'criterion': 'gini', 'max_depth': 30, 'min_samples_leaf': 2, 'min_samples_split': 2, 'splitter': 'random'}",0.6632911392405063,0.6790540540540541,0.6630067567567568,0.660472972972973,0.6528716216216216,0.6637393089291822,0.008532930153103305,118
0.010365819931030274,0.0004059607300218209,0.001253509521484375,0.00038791555959162555,gini,30.0,2,5,best,"{'criterion': 'gini', 'max_depth': 30, 'min_samples_leaf': 2, 'min_samples_split': 5, 'splitter': 'best'}",0.6784810126582278,0.6841216216216216,0.6596283783783784,0.6537162162162162,0.6849662162162162,0.672182689018132,0.012994205580900597,39
0.004868125915527344,0.00035860743200913473,0.0010860443115234375,0.00016997110492335667,gini,30.0,2,5,random,"{'criterion': 'gini', 'max_depth': 30, 'min_samples_leaf': 2, 'min_samples_split': 5, 'splitter': 'random'}",0.6818565400843882,0.6494932432432432,0.6782094594594594,0.643581081081081,0.6545608108108109,0.6615402269357966,0.01553698090521374,121
0.008782291412353515,0.0006084589859236531,0.0013976097106933594,0.0004074519248007257,gini,30.0,2,10,best,"{'criterion': 'gini', 'max_depth': 30, 'min_samples_leaf': 2, 'min_samples_split': 10, 'splitter': 'best'}",0.6810126582278481,0.6790540540540541,0.6815878378378378,0.668918918918919,0.6765202702702703,0.6774187478617858,0.0046049122321848955,19
0.0037348270416259766,0.0005270686046819958,0.001330423355102539,0.00043168727640487554,gini,30.0,2,10,random,"{'criterion': 'gini', 'max_depth': 30, 'min_samples_leaf': 2, 'min_samples_split': 10, 'splitter': 'random'}",0.6506329113924051,0.6646959459459459,0.6326013513513513,0.6545608108108109,0.6798986486486487,0.6564779336298324,0.015646063048452223,150
0.008945846557617187,0.0005621682915534159,0.001341867446899414,0.0004044021163924054,gini,30.0,4,2,best,"{'criterion': 'gini', 'max_depth': 30, 'min_samples_leaf': 4, 'min_samples_split': 2, 'splitter': 'best'}",0.6776371308016877,0.6807432432432432,0.6655405405405406,0.6587837837837838,0.6722972972972973,0.6710003991333106,0.007996335534325454,52
0.004147672653198242,0.0002576408839211256,0.001460123062133789,0.0005471617857937785,gini,30.0,4,2,random,"{'criterion': 'gini', 'max_depth': 30, 'min_samples_leaf': 4, 'min_samples_split': 2, 'splitter': 'random'}",0.6413502109704642,0.6469594594594594,0.6503378378378378,0.6596283783783784,0.6579391891891891,0.6512430151670657,0.006814526147723086,168
0.009595584869384766,0.0001684450731836123,0.0010611534118652344,8.780155784978875e-05,gini,30.0,4,5,best,"{'criterion': 'gini', 'max_depth': 30, 'min_samples_leaf': 4, 'min_samples_split': 5, 'splitter': 'best'}",0.6759493670886076,0.6815878378378378,0.6663851351351351,0.6579391891891891,0.6731418918918919,0.6710006842285322,0.008161715505340898,51
0.0040432453155517575,7.912747353710795e-05,0.0016082763671875,0.000497208204447621,gini,30.0,4,5,random,"{'criterion': 'gini', 'max_depth': 30, 'min_samples_leaf': 4, 'min_samples_split': 5, 'splitter': 'random'}",0.6556962025316456,0.6309121621621622,0.6731418918918919,0.6461148648648649,0.6765202702702703,0.656477078344167,0.016976429116779476,151
0.009057569503784179,0.00018383234509301987,0.001199960708618164,0.0004005444333648253,gini,30.0,4,10,best,"{'criterion': 'gini', 'max_depth': 30, 'min_samples_leaf': 4, 'min_samples_split': 10, 'splitter': 'best'}",0.6784810126582278,0.6790540540540541,0.6663851351351351,0.6621621621621622,0.6773648648648649,0.6726894457748889,0.007021083421860411,33
0.0038664817810058595,0.00022451443008189944,0.001050567626953125,8.268713805886656e-05,gini,30.0,4,10,random,"{'criterion': 'gini', 'max_depth': 30, 'min_samples_leaf': 4, 'min_samples_split': 10, 'splitter': 'random'}",0.6540084388185654,0.6815878378378378,0.6140202702702703,0.6385135135135135,0.6469594594594594,0.6470179039799293,0.021932258468632077,177
0.010772466659545898,0.00039842311301608436,0.0014003753662109376,0.0004898671987202879,gini,40.0,1,2,best,"{'criterion': 'gini', 'max_depth': 40, 'min_samples_leaf': 1, 'min_samples_split': 2, 'splitter': 'best'}",0.6919831223628692,0.6925675675675675,0.6858108108108109,0.6706081081081081,0.6858108108108109,0.6853560839320333,0.007922619245691431,3
0.0054737567901611325,0.00039848162094545083,0.0010061264038085938,1.3483619354031333e-05,gini,40.0,1,2,random,"{'criterion': 'gini', 'max_depth': 40, 'min_samples_leaf': 1, 'min_samples_split': 2, 'splitter': 'random'}",0.6742616033755274,0.6731418918918919,0.6655405405405406,0.6630067567567568,0.6630067567567568,0.6677915098642948,0.004926322875776621,76
0.010748004913330078,0.0005833239719536361,0.001191568374633789,0.00038340252938864704,gini,40.0,1,5,best,"{'criterion': 'gini', 'max_depth': 40, 'min_samples_leaf': 1, 'min_samples_split': 5, 'splitter': 'best'}",0.6869198312236287,0.6866554054054054,0.6782094594594594,0.6706081081081081,0.6900337837837838,0.682485317596077,0.007118777328488083,8
0.004690837860107422,0.00025738084121657023,0.0009152412414550782,0.00018786400076955365,gini,40.0,1,5,random,"{'criterion': 'gini', 'max_depth': 40, 'min_samples_leaf': 1, 'min_samples_split': 5, 'splitter': 'random'}",0.6616033755274262,0.6824324324324325,0.6655405405405406,0.6672297297297297,0.6503378378378378,0.6654287832135933,0.010341666800964548,103
0.00928955078125,0.0005499435816442205,0.0009991645812988282,2.3282157165019422e-06,gini,40.0,1,10,best,"{'criterion': 'gini', 'max_depth': 40, 'min_samples_leaf': 1, 'min_samples_split': 10, 'splitter': 'best'}",0.6776371308016877,0.6773648648648649,0.6883445945945946,0.668918918918919,0.674831081081081,0.6774193180522294,0.006298695596947048,18
0.004160690307617188,0.00035320639956100506,0.0009973526000976562,5.8660661470510835e-06,gini,40.0,1,10,random,"{'criterion': 'gini', 'max_depth': 40, 'min_samples_leaf': 1, 'min_samples_split': 10, 'splitter': 'random'}",0.6438818565400843,0.6722972972972973,0.668918918918919,0.6613175675675675,0.6756756756756757,0.6644182631999087,0.011317444303026392,113
0.01004776954650879,0.0004907595800865638,0.0012818336486816405,0.0004065997913425768,gini,40.0,2,2,best,"{'criterion': 'gini', 'max_depth': 40, 'min_samples_leaf': 2, 'min_samples_split': 2, 'splitter': 'best'}",0.6818565400843882,0.6756756756756757,0.6630067567567568,0.6478040540540541,0.6883445945945946,0.6713375242330939,0.01443561983506178,48
0.0046290397644042965,0.0005233006285131367,0.0009161949157714844,0.00018824939177388575,gini,40.0,2,2,random,"{'criterion': 'gini', 'max_depth': 40, 'min_samples_leaf': 2, 'min_samples_split': 2, 'splitter': 'random'}",0.6506329113924051,0.6638513513513513,0.6452702702702703,0.6824324324324325,0.6570945945945946,0.6598563120082107,0.012892574361511028,133
0.009260463714599609,0.00027124547176740404,0.001001453399658203,1.328314616888439e-06,gini,40.0,2,5,best,"{'criterion': 'gini', 'max_depth': 40, 'min_samples_leaf': 2, 'min_samples_split': 5, 'splitter': 'best'}",0.6767932489451477,0.6798986486486487,0.6587837837837838,0.6537162162162162,0.6883445945945946,0.6715072984376782,0.013116867040303265,45
0.004483222961425781,0.0006416300672665117,0.0016817092895507813,0.0005371087823398528,gini,40.0,2,5,random,"{'criterion': 'gini', 'max_depth': 40, 'min_samples_leaf': 2, 'min_samples_split': 5, 'splitter': 'random'}",0.6523206751054852,0.660472972972973,0.6334459459459459,0.6646959459459459,0.6444256756756757,0.6510722431292052,0.011228542147052453,169
0.009185552597045898,0.00038757317178830683,0.0010091781616210938,1.72562354036874e-05,gini,40.0,2,10,best,"{'criterion': 'gini', 'max_depth': 40, 'min_samples_leaf': 2, 'min_samples_split': 10, 'splitter': 'best'}",0.6810126582278481,0.6790540540540541,0.6798986486486487,0.6672297297297297,0.6782094594594594,0.6770809100239481,0.0050122044905836095,22
0.0040263175964355465,5.713110145453283e-05,0.0012005329132080077,0.00040097765409276715,gini,40.0,2,10,random,"{'criterion': 'gini', 'max_depth': 40, 'min_samples_leaf': 2, 'min_samples_split': 10, 'splitter': 'random'}",0.6691983122362869,0.6494932432432432,0.6511824324324325,0.6655405405405406,0.6478040540540541,0.6566437165013114,0.008897930947478318,148
0.008715534210205078,0.0003019274221851653,0.0012844085693359375,0.0003939541451222739,gini,40.0,4,2,best,"{'criterion': 'gini', 'max_depth': 40, 'min_samples_leaf': 4, 'min_samples_split': 2, 'splitter': 'best'}",0.679324894514768,0.6798986486486487,0.6680743243243243,0.6613175675675675,0.6731418918918919,0.6723514653894401,0.0070178956932153225,37
0.0039919853210449215,0.00030641043771834504,0.0010979175567626953,0.000167532852323822,gini,40.0,4,2,random,"{'criterion': 'gini', 'max_depth': 40, 'min_samples_leaf': 4, 'min_samples_split': 2, 'splitter': 'random'}",0.6590717299578059,0.6258445945945946,0.6545608108108109,0.65625,0.6680743243243243,0.6527602919375072,0.01424239117464745,163
0.009209966659545899,0.0002899628135584962,0.001631307601928711,0.0005873705470133697,gini,40.0,4,5,best,"{'criterion': 'gini', 'max_depth': 40, 'min_samples_leaf': 4, 'min_samples_split': 5, 'splitter': 'best'}",0.6767932489451477,0.6782094594594594,0.6638513513513513,0.6570945945945946,0.6765202702702703,0.6704937849241647,0.00847577290128001,58
0.0035213947296142576,0.0005577741465851477,0.001229572296142578,0.0004207117357796246,gini,40.0,4,5,random,"{'criterion': 'gini', 'max_depth': 40, 'min_samples_leaf': 4, 'min_samples_split': 5, 'splitter': 'random'}",0.6371308016877637,0.6427364864864865,0.6402027027027027,0.6545608108108109,0.6266891891891891,0.6402639981753906,0.008995645239311336,191
0.008889341354370117,0.0007044260740342928,0.0010248661041259766,4.959395290179092e-05,gini,40.0,4,10,best,"{'criterion': 'gini', 'max_depth': 40, 'min_samples_leaf': 4, 'min_samples_split': 10, 'splitter': 'best'}",0.6751054852320675,0.6798986486486487,0.6663851351351351,0.6646959459459459,0.6773648648648649,0.6726900159653325,0.006054911509391706,32
0.0035047531127929688,0.0004457082392529117,0.0010073661804199218,1.6718158295752515e-05,gini,40.0,4,10,random,"{'criterion': 'gini', 'max_depth': 40, 'min_samples_leaf': 4, 'min_samples_split': 10, 'splitter': 'random'}",0.640506329113924,0.6587837837837838,0.6537162162162162,0.6317567567567568,0.668918918918919,0.65073640095792,0.01318427011751276,170
0.010645627975463867,0.0006549982288388764,0.0013176441192626954,0.0003899870527960098,gini,50.0,1,2,best,"{'criterion': 'gini', 'max_depth': 50, 'min_samples_leaf': 1, 'min_samples_split': 2, 'splitter': 'best'}",0.6911392405063291,0.6984797297297297,0.6815878378378378,0.6731418918918919,0.6891891891891891,0.6867075778309956,0.008655878487176956,2
0.0055544376373291016,0.0004771002282213023,0.001126241683959961,0.00025013622022655377,gini,50.0,1,2,random,"{'criterion': 'gini', 'max_depth': 50, 'min_samples_leaf': 1, 'min_samples_split': 2, 'splitter': 'random'}",0.6751054852320675,0.6630067567567568,0.6672297297297297,0.6849662162162162,0.6807432432432432,0.6742102862356028,0.008166004900437746,28
0.010532236099243164,0.0006146024885886873,0.0011996746063232422,0.0004024835093963899,gini,50.0,1,5,best,"{'criterion': 'gini', 'max_depth': 50, 'min_samples_leaf': 1, 'min_samples_split': 5, 'splitter': 'best'}",0.6852320675105485,0.6883445945945946,0.6790540540540541,0.668918918918919,0.6951013513513513,0.6833301972858934,0.008868953758626966,7
0.005096435546875,0.00017875053553419865,0.001348114013671875,0.00042766922621030026,gini,50.0,1,5,random,"{'criterion': 'gini', 'max_depth': 50, 'min_samples_leaf': 1, 'min_samples_split': 5, 'splitter': 'random'}",0.6624472573839663,0.6545608108108109,0.6528716216216216,0.6722972972972973,0.6596283783783784,0.660361073098415,0.00688618008158774,131
0.009911775588989258,0.0004625650030367775,0.001056671142578125,0.0003544176020819008,gini,50.0,1,10,best,"{'criterion': 'gini', 'max_depth': 50, 'min_samples_leaf': 1, 'min_samples_split': 10, 'splitter': 'best'}",0.6810126582278481,0.6739864864864865,0.6849662162162162,0.6697635135135135,0.6731418918918919,0.6765741532671912,0.005567554188274841,25
0.004510688781738281,0.000601091442308785,0.0016037940979003907,0.0004623914878670082,gini,50.0,1,10,random,"{'criterion': 'gini', 'max_depth': 50, 'min_samples_leaf': 1, 'min_samples_split': 10, 'splitter': 'random'}",0.6464135021097046,0.6638513513513513,0.6731418918918919,0.6317567567567568,0.6739864864864865,0.6578299977192382,0.01638226601110998,137
0.010683679580688476,0.0008248458473822971,0.001264810562133789,0.00037067521608317587,gini,50.0,2,2,best,"{'criterion': 'gini', 'max_depth': 50, 'min_samples_leaf': 2, 'min_samples_split': 2, 'splitter': 'best'}",0.6751054852320675,0.6782094594594594,0.6570945945945946,0.6570945945945946,0.6866554054054054,0.6708319078572244,0.011836404498249867,53
0.005641126632690429,0.0005754376626563429,0.0012185096740722657,0.000322112955791801,gini,50.0,2,2,random,"{'criterion': 'gini', 'max_depth': 50, 'min_samples_leaf': 2, 'min_samples_split': 2, 'splitter': 'random'}",0.6472573839662448,0.6486486486486487,0.65625,0.6630067567567568,0.652027027027027,0.6534379632797356,0.005702581792786496,159
0.009859085083007812,0.00023282909135301016,0.0008757591247558593,0.000461725495275251,gini,50.0,2,5,best,"{'criterion': 'gini', 'max_depth': 50, 'min_samples_leaf': 2, 'min_samples_split': 5, 'splitter': 'best'}",0.6776371308016877,0.6782094594594594,0.660472972972973,0.65625,0.6841216216216216,0.6713382369711483,0.01091799928321858,47
0.00442800521850586,0.00047111662293010484,0.0012141227722167968,0.00039294245069305733,gini,50.0,2,5,random,"{'criterion': 'gini', 'max_depth': 50, 'min_samples_leaf': 2, 'min_samples_split': 5, 'splitter': 'random'}",0.6565400843881857,0.6680743243243243,0.6706081081081081,0.6342905405405406,0.6537162162162162,0.656645854715475,0.012914398773144542,146
0.009545326232910156,0.0005751923007182417,0.0010698318481445312,8.440225135279982e-05,gini,50.0,2,10,best,"{'criterion': 'gini', 'max_depth': 50, 'min_samples_leaf': 2, 'min_samples_split': 10, 'splitter': 'best'}",0.6827004219409283,0.6782094594594594,0.6824324324324325,0.6663851351351351,0.6765202702702703,0.6772495438476451,0.0059340215819472545,20
0.004244375228881836,0.0006120711815695775,0.0012086868286132813,0.000396240793117654,gini,50.0,2,10,random,"{'criterion': 'gini', 'max_depth': 50, 'min_samples_leaf': 2, 'min_samples_split': 10, 'splitter': 'random'}",0.6447257383966245,0.6613175675675675,0.65625,0.6596283783783784,0.660472972972973,0.6564789314631087,0.006123295512693259,149
0.008720207214355468,0.0005023178436464551,0.001199960708618164,0.00040018795357606347,gini,50.0,4,2,best,"{'criterion': 'gini', 'max_depth': 50, 'min_samples_leaf': 4, 'min_samples_split': 2, 'splitter': 'best'}",0.6751054852320675,0.6773648648648649,0.6655405405405406,0.6613175675675675,0.6731418918918919,0.6704940700193864,0.006070083760327384,57
0.004075193405151367,0.00021648672707225023,0.0012093067169189453,0.00039525634053694513,gini,50.0,4,2,random,"{'criterion': 'gini', 'max_depth': 50, 'min_samples_leaf': 4, 'min_samples_split': 2, 'splitter': 'random'}",0.6540084388185654,0.6359797297297297,0.6106418918918919,0.6351351351351351,0.625,0.6321530391150644,0.014248441159451265,197
0.009161949157714844,0.00031637773533168065,0.0014020919799804688,0.0004912849654157785,gini,50.0,4,5,best,"{'criterion': 'gini', 'max_depth': 50, 'min_samples_leaf': 4, 'min_samples_split': 5, 'splitter': 'best'}",0.6776371308016877,0.6790540540540541,0.6638513513513513,0.6579391891891891,0.6739864864864865,0.6704936423765537,0.008224893432036832,59
0.00378270149230957,0.0006799579902898873,0.0015917301177978515,0.00048443368458577114,gini,50.0,4,5,random,"{'criterion': 'gini', 'max_depth': 50, 'min_samples_leaf': 4, 'min_samples_split': 5, 'splitter': 'random'}",0.6658227848101266,0.6621621621621622,0.6672297297297297,0.6258445945945946,0.6663851351351351,0.6574888812863497,0.015916543866410008,138
0.009553480148315429,0.0004746758929318328,0.0013027667999267578,0.0004019952012611227,gini,50.0,4,10,best,"{'criterion': 'gini', 'max_depth': 50, 'min_samples_leaf': 4, 'min_samples_split': 10, 'splitter': 'best'}",0.6784810126582278,0.6790540540540541,0.6663851351351351,0.6638513513513513,0.6790540540540541,0.6733651214505645,0.0067842800892505065,29
0.004118967056274414,0.00032552794467961523,0.0010032176971435547,4.606849125581527e-06,gini,50.0,4,10,random,"{'criterion': 'gini', 'max_depth': 50, 'min_samples_leaf': 4, 'min_samples_split': 10, 'splitter': 'random'}",0.6371308016877637,0.660472972972973,0.6410472972972973,0.6300675675675675,0.6554054054054054,0.6448248089862013,0.011384705300525183,183
0.013885164260864257,0.0004791199780957314,0.0012290000915527344,0.0003191934687550186,entropy,,1,2,best,"{'criterion': 'entropy', 'max_depth': None, 'min_samples_leaf': 1, 'min_samples_split': 2, 'splitter': 'best'}",0.6776371308016877,0.6782094594594594,0.6739864864864865,0.6790540540540541,0.6815878378378378,0.678094993727905,0.0024585495439863824,14
0.006718635559082031,0.00047556892062788854,0.0014009475708007812,0.0004894939326300495,entropy,,1,2,random,"{'criterion': 'entropy', 'max_depth': None, 'min_samples_leaf': 1, 'min_samples_split': 2, 'splitter': 'random'}",0.6708860759493671,0.6630067567567568,0.6714527027027027,0.6554054054054054,0.674831081081081,0.6671164043790626,0.0070223478133279145,82
0.012544059753417968,0.0003778553019864667,0.0012314796447753906,0.0003900074524394698,entropy,,1,5,best,"{'criterion': 'entropy', 'max_depth': None, 'min_samples_leaf': 1, 'min_samples_split': 5, 'splitter': 'best'}",0.6675105485232068,0.6630067567567568,0.6621621621621622,0.6680743243243243,0.6807432432432432,0.6682994070019387,0.006651314774581342,73
0.005522346496582032,0.00045050689460849236,0.001226186752319336,0.000383251588363613,entropy,,1,5,random,"{'criterion': 'entropy', 'max_depth': None, 'min_samples_leaf': 1, 'min_samples_split': 5, 'splitter': 'random'}",0.6675105485232068,0.6537162162162162,0.6402027027027027,0.6621621621621622,0.6790540540540541,0.6605291367316684,0.013070265879045133,128
0.011252498626708985,0.0004283321416017255,0.0010311126708984375,5.90360991618138e-05,entropy,,1,10,best,"{'criterion': 'entropy', 'max_depth': None, 'min_samples_leaf': 1, 'min_samples_split': 10, 'splitter': 'best'}",0.6565400843881857,0.6511824324324325,0.683277027027027,0.6756756756756757,0.6798986486486487,0.669314773634394,0.012956839797556961,66
0.004766416549682617,0.00037204213252548446,0.0010600566864013671,7.916335555532176e-05,entropy,,1,10,random,"{'criterion': 'entropy', 'max_depth': None, 'min_samples_leaf': 1, 'min_samples_split': 10, 'splitter': 'random'}",0.6497890295358649,0.6317567567567568,0.6587837837837838,0.660472972972973,0.6528716216216216,0.6507348329342,0.010249339164586192,171
0.01174159049987793,0.0005060590201315219,0.0014571666717529297,0.0005067547812812521,entropy,,2,2,best,"{'criterion': 'entropy', 'max_depth': None, 'min_samples_leaf': 2, 'min_samples_split': 2, 'splitter': 'best'}",0.6717299578059072,0.6503378378378378,0.6646959459459459,0.6807432432432432,0.6731418918918919,0.6681297753449652,0.010252086841731636,74
0.005222797393798828,0.0002982659305291708,0.0010375022888183595,5.9694718013421825e-05,entropy,,2,2,random,"{'criterion': 'entropy', 'max_depth': None, 'min_samples_leaf': 2, 'min_samples_split': 2, 'splitter': 'random'}",0.660759493670886,0.6511824324324325,0.629222972972973,0.6418918918918919,0.6444256756756757,0.6454964933287718,0.010433181199130523,180
0.011466312408447265,0.00045299086819538495,0.0010420322418212891,5.9274637281383055e-05,entropy,,2,5,best,"{'criterion': 'entropy', 'max_depth': None, 'min_samples_leaf': 2, 'min_samples_split': 5, 'splitter': 'best'}",0.6708860759493671,0.6545608108108109,0.660472972972973,0.6739864864864865,0.6731418918918919,0.6666096476223059,0.007722811020916139,88
0.004903841018676758,0.000526562670110877,0.00122222900390625,0.0003913235425488617,entropy,,2,5,random,"{'criterion': 'entropy', 'max_depth': None, 'min_samples_leaf': 2, 'min_samples_split': 5, 'splitter': 'random'}",0.6489451476793249,0.6461148648648649,0.6570945945945946,0.6410472972972973,0.668918918918919,0.6524241646710001,0.00974919245764829,165
0.011199665069580079,0.0006312315188944061,0.0014571189880371095,0.0004995100953729112,entropy,,2,10,best,"{'criterion': 'entropy', 'max_depth': None, 'min_samples_leaf': 2, 'min_samples_split': 10, 'splitter': 'best'}",0.660759493670886,0.6511824324324325,0.6773648648648649,0.6815878378378378,0.6782094594594594,0.6698208176530962,0.011791876183724207,62
0.00427098274230957,0.00037540194779366563,0.001401233673095703,0.0004894540855421193,entropy,,2,10,random,"{'criterion': 'entropy', 'max_depth': None, 'min_samples_leaf': 2, 'min_samples_split': 10, 'splitter': 'random'}",0.6624472573839663,0.6646959459459459,0.6494932432432432,0.6908783783783784,0.6638513513513513,0.666273235260577,0.013490534977630843,93
0.010454702377319335,0.0004246561759649591,0.001463460922241211,0.0005471772232989254,entropy,,4,2,best,"{'criterion': 'entropy', 'max_depth': None, 'min_samples_leaf': 4, 'min_samples_split': 2, 'splitter': 'best'}",0.6717299578059072,0.652027027027027,0.6714527027027027,0.6714527027027027,0.6646959459459459,0.6662716672368572,0.007600945536274045,95
0.004090356826782227,7.487230187636024e-05,0.0010011672973632812,2.78041453115716e-07,entropy,,4,2,random,"{'criterion': 'entropy', 'max_depth': None, 'min_samples_leaf': 4, 'min_samples_split': 2, 'splitter': 'random'}",0.6354430379746835,0.6596283783783784,0.6478040540540541,0.6190878378378378,0.6342905405405406,0.6392507697570988,0.013667861019010666,193
0.010649442672729492,0.0004428408021855982,0.0009201526641845703,0.00020868311764256296,entropy,,4,5,best,"{'criterion': 'entropy', 'max_depth': None, 'min_samples_leaf': 4, 'min_samples_split': 5, 'splitter': 'best'}",0.6708860759493671,0.6452702702702703,0.6756756756756757,0.674831081081081,0.6655405405405406,0.6664407287033869,0.011175348045918335,90
0.004248523712158203,0.0004405483666353808,0.0010184288024902345,3.330720349876368e-05,entropy,,4,5,random,"{'criterion': 'entropy', 'max_depth': None, 'min_samples_leaf': 4, 'min_samples_split': 5, 'splitter': 'random'}",0.6540084388185654,0.6486486486486487,0.6148648648648649,0.6418918918918919,0.6140202702702703,0.6346868228988483,0.016971663778558403,196
0.010924005508422851,0.00046326796494907313,0.0013280391693115234,0.0004417088146997003,entropy,,4,10,best,"{'criterion': 'entropy', 'max_depth': None, 'min_samples_leaf': 4, 'min_samples_split': 10, 'splitter': 'best'}",0.6658227848101266,0.6486486486486487,0.6807432432432432,0.6672297297297297,0.6638513513513513,0.6652591515566199,0.010216150590258806,107
0.004198265075683594,0.00040021086142255717,0.0014014720916748046,0.0004895511426938356,entropy,,4,10,random,"{'criterion': 'entropy', 'max_depth': None, 'min_samples_leaf': 4, 'min_samples_split': 10, 'splitter': 'random'}",0.6337552742616034,0.6503378378378378,0.6418918918918919,0.6672297297297297,0.6680743243243243,0.6522578116090774,0.013622062148170808,166
0.009817075729370118,0.0006096810218933289,0.0010980606079101563,5.7441087398415044e-05,entropy,10.0,1,2,best,"{'criterion': 'entropy', 'max_depth': 10, 'min_samples_leaf': 1, 'min_samples_split': 2, 'splitter': 'best'}",0.6742616033755274,0.6655405405405406,0.6655405405405406,0.6790540540540541,0.6613175675675675,0.669142861215646,0.006505719236959121,69
0.003243160247802734,0.0007338179226392882,0.0010470867156982422,5.550953911221985e-05,entropy,10.0,1,2,random,"{'criterion': 'entropy', 'max_depth': 10, 'min_samples_leaf': 1, 'min_samples_split': 2, 'splitter': 'random'}",0.6320675105485232,0.6055743243243243,0.5962837837837838,0.5861486486486487,0.606418918918919,0.6052986372448397,0.015270188332186923,207
0.009226608276367187,0.0007042306496617669,0.0009987354278564453,5.01019498312519e-06,entropy,10.0,1,5,best,"{'criterion': 'entropy', 'max_depth': 10, 'min_samples_leaf': 1, 'min_samples_split': 5, 'splitter': 'best'}",0.6700421940928271,0.6596283783783784,0.6621621621621622,0.674831081081081,0.6579391891891891,0.6649206009807276,0.006462275871812075,108
0.0031470298767089845,0.00046718504999754154,0.0012370109558105468,0.00042872528334442786,entropy,10.0,1,5,random,"{'criterion': 'entropy', 'max_depth': 10, 'min_samples_leaf': 1, 'min_samples_split': 5, 'splitter': 'random'}",0.6236286919831223,0.6055743243243243,0.5954391891891891,0.558277027027027,0.6342905405405406,0.6034419546128407,0.026334773810456964,208
0.009433507919311523,0.0006425677152883116,0.0010192394256591797,3.5557795165577696e-05,entropy,10.0,1,10,best,"{'criterion': 'entropy', 'max_depth': 10, 'min_samples_leaf': 1, 'min_samples_split': 10, 'splitter': 'best'}",0.6582278481012658,0.6528716216216216,0.6672297297297297,0.6706081081081081,0.6579391891891891,0.6613752993499828,0.0065352115488850875,122
0.0035545825958251953,0.000581007263714887,0.0010392189025878907,3.843419899255172e-05,entropy,10.0,1,10,random,"{'criterion': 'entropy', 'max_depth': 10, 'min_samples_leaf': 1, 'min_samples_split': 10, 'splitter': 'random'}",0.5721518987341773,0.5996621621621622,0.612331081081081,0.6047297297297297,0.612331081081081,0.6002411905576464,0.01484467230128966,209
0.008609151840209961,0.0005127292869088171,0.001430845260620117,0.0005302413461853934,entropy,10.0,2,2,best,"{'criterion': 'entropy', 'max_depth': 10, 'min_samples_leaf': 2, 'min_samples_split': 2, 'splitter': 'best'}",0.6700421940928271,0.6596283783783784,0.660472972972973,0.674831081081081,0.6579391891891891,0.6645827631428898,0.006639379268775688,111
0.003278160095214844,0.00029458726404367225,0.0014211177825927735,0.0005293256858791021,entropy,10.0,2,2,random,"{'criterion': 'entropy', 'max_depth': 10, 'min_samples_leaf': 2, 'min_samples_split': 2, 'splitter': 'random'}",0.60084388185654,0.6140202702702703,0.5836148648648649,0.5903716216216216,0.612331081081081,0.6002363439388756,0.011918344742237184,210
0.009068012237548828,0.00045909432387997173,0.00092315673828125,0.00019276592559600104,entropy,10.0,2,5,best,"{'criterion': 'entropy', 'max_depth': 10, 'min_samples_leaf': 2, 'min_samples_split': 5, 'splitter': 'best'}",0.6691983122362869,0.6596283783783784,0.6587837837837838,0.674831081081081,0.6570945945945946,0.663907230014825,0.006903569325647175,117
0.0031868934631347655,0.00034740741418948354,0.0010388851165771484,5.821898560508627e-05,entropy,10.0,2,5,random,"{'criterion': 'entropy', 'max_depth': 10, 'min_samples_leaf': 2, 'min_samples_split': 5, 'splitter': 'random'}",0.6092827004219409,0.5988175675675675,0.597972972972973,0.5962837837837838,0.6359797297297297,0.607667350895199,0.014873367996446457,205
0.009141206741333008,0.0002916051627460334,0.0009089946746826172,0.0001833056929729018,entropy,10.0,2,10,best,"{'criterion': 'entropy', 'max_depth': 10, 'min_samples_leaf': 2, 'min_samples_split': 10, 'splitter': 'best'}",0.6582278481012658,0.6545608108108109,0.6621621621621622,0.6714527027027027,0.65625,0.6605307047553883,0.006020280859112821,127
0.0033119678497314452,0.00040782808086534095,0.0010268211364746094,3.699082502995634e-05,entropy,10.0,2,10,random,"{'criterion': 'entropy', 'max_depth': 10, 'min_samples_leaf': 2, 'min_samples_split': 10, 'splitter': 'random'}",0.6059071729957806,0.6199324324324325,0.6393581081081081,0.6131756756756757,0.5675675675675675,0.6091881913559128,0.02359916960554171,202
0.008384037017822265,0.00034015449985543304,0.0011574745178222657,0.0002536067918248839,entropy,10.0,4,2,best,"{'criterion': 'entropy', 'max_depth': 10, 'min_samples_leaf': 4, 'min_samples_split': 2, 'splitter': 'best'}",0.6666666666666666,0.6444256756756757,0.6579391891891891,0.6646959459459459,0.6486486486486487,0.6564752252252253,0.008718209260694169,152
0.0029048919677734375,0.0005295459236627769,0.0012331485748291015,0.0004641883336027858,entropy,10.0,4,2,random,"{'criterion': 'entropy', 'max_depth': 10, 'min_samples_leaf': 4, 'min_samples_split': 2, 'splitter': 'random'}",0.6,0.5929054054054054,0.5861486486486487,0.6266891891891891,0.5827702702702703,0.5977027027027026,0.015652359173589446,212
0.008856868743896485,0.0008178700401037817,0.001161336898803711,0.000321508704795851,entropy,10.0,4,5,best,"{'criterion': 'entropy', 'max_depth': 10, 'min_samples_leaf': 4, 'min_samples_split': 5, 'splitter': 'best'}",0.6649789029535865,0.6444256756756757,0.6613175675675675,0.6613175675675675,0.6478040540540541,0.6559687535636902,0.008225659605597851,154
0.0031322479248046876,0.00045273491252210735,0.0010072708129882813,1.4630744103061757e-05,entropy,10.0,4,5,random,"{'criterion': 'entropy', 'max_depth': 10, 'min_samples_leaf': 4, 'min_samples_split': 5, 'splitter': 'random'}",0.60084388185654,0.6081081081081081,0.5768581081081081,0.6190878378378378,0.6410472972972973,0.6091890466415782,0.0211141374052902,201
0.008745956420898437,0.0007552938086274064,0.0010561466217041016,0.00035385312191576356,entropy,10.0,4,10,best,"{'criterion': 'entropy', 'max_depth': 10, 'min_samples_leaf': 4, 'min_samples_split': 10, 'splitter': 'best'}",0.6649789029535865,0.6452702702702703,0.6638513513513513,0.6621621621621622,0.6494932432432432,0.6571511859961227,0.008137266081201659,141
0.002886056900024414,0.0005155350246392892,0.0010107994079589845,1.740004859973644e-05,entropy,10.0,4,10,random,"{'criterion': 'entropy', 'max_depth': 10, 'min_samples_leaf': 4, 'min_samples_split': 10, 'splitter': 'random'}",0.6168776371308017,0.5886824324324325,0.5929054054054054,0.6233108108108109,0.6182432432432432,0.6080039058045387,0.014277062213754174,203
0.013558053970336914,0.0010561271758091058,0.0011435985565185548,0.0002460917075419866,entropy,20.0,1,2,best,"{'criterion': 'entropy', 'max_depth': 20, 'min_samples_leaf': 1, 'min_samples_split': 2, 'splitter': 'best'}",0.6725738396624472,0.6824324324324325,0.674831081081081,0.6798986486486487,0.6807432432432432,0.6780958490135705,0.003747426727961345,13
0.0057869434356689455,0.00039393824410623645,0.0012015342712402345,0.00039892293550107826,entropy,20.0,1,2,random,"{'criterion': 'entropy', 'max_depth': 20, 'min_samples_leaf': 1, 'min_samples_split': 2, 'splitter': 'random'}",0.6928270042194092,0.65625,0.6587837837837838,0.6815878378378378,0.6672297297297297,0.671335671114152,0.013920994392228643,49
0.012092494964599609,0.00039951745455113756,0.0010475635528564454,6.328554308587613e-05,entropy,20.0,1,5,best,"{'criterion': 'entropy', 'max_depth': 20, 'min_samples_leaf': 1, 'min_samples_split': 5, 'splitter': 'best'}",0.6708860759493671,0.6638513513513513,0.660472972972973,0.674831081081081,0.6756756756756757,0.6691434314060896,0.006020620313113026,68
0.00510702133178711,0.0003973923399885609,0.0013602733612060546,0.0004023052129378081,entropy,20.0,1,5,random,"{'criterion': 'entropy', 'max_depth': 20, 'min_samples_leaf': 1, 'min_samples_split': 5, 'splitter': 'random'}",0.6438818565400843,0.6444256756756757,0.6613175675675675,0.6469594594594594,0.6663851351351351,0.6525939388755845,0.0093879396295384,164
0.011436891555786134,0.00037778681083817575,0.0009152889251708984,0.0001886509059789163,entropy,20.0,1,10,best,"{'criterion': 'entropy', 'max_depth': 20, 'min_samples_leaf': 1, 'min_samples_split': 10, 'splitter': 'best'}",0.6556962025316456,0.6537162162162162,0.6891891891891891,0.6739864864864865,0.6798986486486487,0.6704973486144372,0.013788573236025073,55
0.004843902587890625,0.00042585422408884663,0.0010993003845214844,0.00020807751983769002,entropy,20.0,1,10,random,"{'criterion': 'entropy', 'max_depth': 20, 'min_samples_leaf': 1, 'min_samples_split': 10, 'splitter': 'random'}",0.640506329113924,0.6672297297297297,0.6469594594594594,0.6630067567567568,0.6663851351351351,0.656817482039001,0.010968102189502971,143
0.012408638000488281,0.00036241115991097035,0.0012001514434814454,0.00040032938517594197,entropy,20.0,2,2,best,"{'criterion': 'entropy', 'max_depth': 20, 'min_samples_leaf': 2, 'min_samples_split': 2, 'splitter': 'best'}",0.6708860759493671,0.6478040540540541,0.6630067567567568,0.6773648648648649,0.6731418918918919,0.6664407287033869,0.010422295873809741,90
0.005107784271240234,5.409666597471779e-05,0.00120697021484375,0.00039682257092145965,entropy,20.0,2,2,random,"{'criterion': 'entropy', 'max_depth': 20, 'min_samples_leaf': 2, 'min_samples_split': 2, 'splitter': 'random'}",0.6632911392405063,0.6528716216216216,0.6680743243243243,0.6486486486486487,0.6739864864864865,0.6613744440643174,0.009400740273073352,123
0.011933517456054688,0.0010190920126427346,0.001198148727416992,0.00035805564092170837,entropy,20.0,2,5,best,"{'criterion': 'entropy', 'max_depth': 20, 'min_samples_leaf': 2, 'min_samples_split': 5, 'splitter': 'best'}",0.6683544303797468,0.6570945945945946,0.660472972972973,0.6765202702702703,0.674831081081081,0.6674546698597332,0.00766134940100325,78
0.004796648025512695,0.0004616437719841672,0.001148366928100586,0.00022484035502290647,entropy,20.0,2,5,random,"{'criterion': 'entropy', 'max_depth': 20, 'min_samples_leaf': 2, 'min_samples_split': 5, 'splitter': 'random'}",0.6700421940928271,0.6630067567567568,0.6511824324324325,0.6402027027027027,0.660472972972973,0.6569814117915384,0.01033666344668677,142
0.011270952224731446,0.0007071836100641608,0.0014066219329833985,0.0005009868992170494,entropy,20.0,2,10,best,"{'criterion': 'entropy', 'max_depth': 20, 'min_samples_leaf': 2, 'min_samples_split': 10, 'splitter': 'best'}",0.6590717299578059,0.6554054054054054,0.6798986486486487,0.6790540540540541,0.6782094594594594,0.6703278595050748,0.010763328320923624,60
0.004380416870117187,0.00046549666435938584,0.0009999275207519531,2.0675166500738907e-06,entropy,20.0,2,10,random,"{'criterion': 'entropy', 'max_depth': 20, 'min_samples_leaf': 2, 'min_samples_split': 10, 'splitter': 'random'}",0.6531645569620254,0.643581081081081,0.6756756756756757,0.6334459459459459,0.6528716216216216,0.6517477762572699,0.013981892356837595,167
0.01034245491027832,0.0005348116498809528,0.0012079715728759766,0.0003943960059093832,entropy,20.0,4,2,best,"{'criterion': 'entropy', 'max_depth': 20, 'min_samples_leaf': 4, 'min_samples_split': 2, 'splitter': 'best'}",0.6708860759493671,0.6469594594594594,0.6739864864864865,0.6731418918918919,0.6638513513513513,0.6657650530277113,0.01005531898121245,101
0.0042479515075683595,0.0004949360541700027,0.0012016773223876953,0.00039831151155334275,entropy,20.0,4,2,random,"{'criterion': 'entropy', 'max_depth': 20, 'min_samples_leaf': 4, 'min_samples_split': 2, 'splitter': 'random'}",0.6261603375527426,0.6359797297297297,0.6503378378378378,0.6334459459459459,0.6368243243243243,0.6365496350781161,0.007849651851275738,195
0.010518884658813477,0.0007090250205645873,0.0013469696044921876,0.0004355108749545632,entropy,20.0,4,5,best,"{'criterion': 'entropy', 'max_depth': 20, 'min_samples_leaf': 4, 'min_samples_split': 5, 'splitter': 'best'}",0.6700421940928271,0.6486486486486487,0.6706081081081081,0.6731418918918919,0.660472972972973,0.6645827631428898,0.009057099239219341,111
0.0043942928314208984,0.00044052308659122,0.0010758399963378905,0.00012026383314018302,entropy,20.0,4,5,random,"{'criterion': 'entropy', 'max_depth': 20, 'min_samples_leaf': 4, 'min_samples_split': 5, 'splitter': 'random'}",0.6345991561181434,0.6359797297297297,0.6309121621621622,0.6537162162162162,0.6494932432432432,0.6409401014938989,0.008963902997246948,187
0.010722494125366211,0.0006678449481545273,0.0011481285095214845,0.0002960452857167463,entropy,20.0,4,10,best,"{'criterion': 'entropy', 'max_depth': 20, 'min_samples_leaf': 4, 'min_samples_split': 10, 'splitter': 'best'}",0.6649789029535865,0.6503378378378378,0.6765202702702703,0.6697635135135135,0.6655405405405406,0.6654282130231497,0.008599563762870755,106
0.004306888580322266,0.0003801557620647005,0.0012090682983398437,0.00041506368155600865,entropy,20.0,4,10,random,"{'criterion': 'entropy', 'max_depth': 20, 'min_samples_leaf': 4, 'min_samples_split': 10, 'splitter': 'random'}",0.6455696202531646,0.65625,0.643581081081081,0.6165540540540541,0.6452702702702703,0.641445005131714,0.013228418214905759,186
0.012909603118896485,0.000134438602788119,0.0010082244873046875,1.6746015910393607e-05,entropy,30.0,1,2,best,"{'criterion': 'entropy', 'max_depth': 30, 'min_samples_leaf': 1, 'min_samples_split': 2, 'splitter': 'best'}",0.680168776371308,0.6731418918918919,0.6798986486486487,0.6782094594594594,0.6782094594594594,0.6779256471661534,0.0025286271706455375,15
0.006353616714477539,0.00037350545330513567,0.001197481155395508,0.0003936825622918015,entropy,30.0,1,2,random,"{'criterion': 'entropy', 'max_depth': 30, 'min_samples_leaf': 1, 'min_samples_split': 2, 'splitter': 'random'}",0.6843881856540084,0.6663851351351351,0.6765202702702703,0.6672297297297297,0.6680743243243243,0.6725195290226935,0.006960510764305655,35
0.0125213623046875,0.00048219523349075054,0.0010332107543945313,4.668345367267526e-05,entropy,30.0,1,5,best,"{'criterion': 'entropy', 'max_depth': 30, 'min_samples_leaf': 1, 'min_samples_split': 5, 'splitter': 'best'}",0.6666666666666666,0.6621621621621622,0.6613175675675675,0.6663851351351351,0.6765202702702703,0.6666103603603604,0.005404818849556972,87
0.006182336807250976,0.0002845966377309279,0.001123189926147461,0.00024426734511564634,entropy,30.0,1,5,random,"{'criterion': 'entropy', 'max_depth': 30, 'min_samples_leaf': 1, 'min_samples_split': 5, 'splitter': 'random'}",0.6708860759493671,0.6503378378378378,0.6503378378378378,0.6739864864864865,0.6883445945945946,0.6667785665412247,0.014659566365147082,85
0.011337995529174805,0.0004063705746610854,0.001141500473022461,0.0002412393313941157,entropy,30.0,1,10,best,"{'criterion': 'entropy', 'max_depth': 30, 'min_samples_leaf': 1, 'min_samples_split': 10, 'splitter': 'best'}",0.6565400843881857,0.6503378378378378,0.6790540540540541,0.6773648648648649,0.6807432432432432,0.6688080168776371,0.012745981602240606,71
0.004162216186523437,0.000437858420165578,0.0013113021850585938,0.00042718470187696214,entropy,30.0,1,10,random,"{'criterion': 'entropy', 'max_depth': 30, 'min_samples_leaf': 1, 'min_samples_split': 10, 'splitter': 'random'}",0.6616033755274262,0.6410472972972973,0.6554054054054054,0.652027027027027,0.6266891891891891,0.6473544588892689,0.012300535901277757,176
0.011945962905883789,0.0003454521819016137,0.0010800838470458984,0.00013837115981964228,entropy,30.0,2,2,best,"{'criterion': 'entropy', 'max_depth': 30, 'min_samples_leaf': 2, 'min_samples_split': 2, 'splitter': 'best'}",0.6691983122362869,0.6503378378378378,0.6528716216216216,0.6722972972972973,0.6722972972972973,0.6634004732580683,0.009730478443442762,119
0.005332183837890625,0.0005212285448587728,0.0010082721710205078,1.6343763150226724e-05,entropy,30.0,2,2,random,"{'criterion': 'entropy', 'max_depth': 30, 'min_samples_leaf': 2, 'min_samples_split': 2, 'splitter': 'random'}",0.6312236286919831,0.6427364864864865,0.6613175675675675,0.6326013513513513,0.6452702702702703,0.6426298608735317,0.01083408185405568,184
0.011009788513183594,0.0003772202250115629,0.0009984493255615235,8.971637593377486e-07,entropy,30.0,2,5,best,"{'criterion': 'entropy', 'max_depth': 30, 'min_samples_leaf': 2, 'min_samples_split': 5, 'splitter': 'best'}",0.6717299578059072,0.6570945945945946,0.6570945945945946,0.6731418918918919,0.674831081081081,0.6667784239936139,0.007967556722278824,86
0.004772853851318359,0.0003917871624880849,0.0014008522033691407,0.0004914259230383927,entropy,30.0,2,5,random,"{'criterion': 'entropy', 'max_depth': 30, 'min_samples_leaf': 2, 'min_samples_split': 5, 'splitter': 'random'}",0.6675105485232068,0.668918918918919,0.6486486486486487,0.6427364864864865,0.6461148648648649,0.6547858934884252,0.011132834089175231,156
0.011220550537109375,0.0005310539648241546,0.0009080410003662109,0.00018413414933943987,entropy,30.0,2,10,best,"{'criterion': 'entropy', 'max_depth': 30, 'min_samples_leaf': 2, 'min_samples_split': 10, 'splitter': 'best'}",0.6590717299578059,0.6528716216216216,0.6807432432432432,0.6739864864864865,0.6782094594594594,0.6689765081537233,0.011011587793756002,70
0.004861021041870117,0.0004353442457688183,0.0011932373046875,0.00040230888092017354,entropy,30.0,2,10,random,"{'criterion': 'entropy', 'max_depth': 30, 'min_samples_leaf': 2, 'min_samples_split': 10, 'splitter': 'random'}",0.6616033755274262,0.6309121621621622,0.6452702702702703,0.6494932432432432,0.65625,0.6487058102406204,0.010509984652838075,173
0.010731697082519531,0.000275906402137597,0.0011633872985839845,0.0003257312845634976,entropy,30.0,4,2,best,"{'criterion': 'entropy', 'max_depth': 30, 'min_samples_leaf': 4, 'min_samples_split': 2, 'splitter': 'best'}",0.6717299578059072,0.6494932432432432,0.6706081081081081,0.674831081081081,0.6655405405405406,0.6664405861557761,0.00898630748052203,92
0.004302167892456054,0.00040006536976957185,0.0015530586242675781,0.0005650605028056807,entropy,30.0,4,2,random,"{'criterion': 'entropy', 'max_depth': 30, 'min_samples_leaf': 4, 'min_samples_split': 2, 'splitter': 'random'}",0.6464135021097046,0.643581081081081,0.6528716216216216,0.6216216216216216,0.6402027027027027,0.6409381058273462,0.010517047700554397,188
0.01160426139831543,0.0004824205951499347,0.001332998275756836,0.00043634216492233647,entropy,30.0,4,5,best,"{'criterion': 'entropy', 'max_depth': 30, 'min_samples_leaf': 4, 'min_samples_split': 5, 'splitter': 'best'}",0.6725738396624472,0.6478040540540541,0.6739864864864865,0.6714527027027027,0.6638513513513513,0.6659336868514083,0.0097202721544739,99
0.0045453071594238285,0.00037537917956961624,0.001201772689819336,0.00038016563069573085,entropy,30.0,4,5,random,"{'criterion': 'entropy', 'max_depth': 30, 'min_samples_leaf': 4, 'min_samples_split': 5, 'splitter': 'random'}",0.6590717299578059,0.6334459459459459,0.6309121621621622,0.6722972972972973,0.674831081081081,0.6541116432888585,0.018707766008375756,157
0.009813976287841798,0.00013293595689321022,0.0012509822845458984,0.00038626040876965786,entropy,30.0,4,10,best,"{'criterion': 'entropy', 'max_depth': 30, 'min_samples_leaf': 4, 'min_samples_split': 10, 'splitter': 'best'}",0.6666666666666666,0.6503378378378378,0.6824324324324325,0.6706081081081081,0.6638513513513513,0.6667792792792793,0.010378704871616191,84
0.00426950454711914,0.00048427964438496325,0.0011162281036376954,2.662716075202356e-05,entropy,30.0,4,10,random,"{'criterion': 'entropy', 'max_depth': 30, 'min_samples_leaf': 4, 'min_samples_split': 10, 'splitter': 'random'}",0.6312236286919831,0.6444256756756757,0.6528716216216216,0.6317567567567568,0.6427364864864865,0.6406028338465046,0.008196490906701298,190
0.012975120544433593,0.0005427403098773841,0.0012197494506835938,0.0003929005951647009,entropy,40.0,1,2,best,"{'criterion': 'entropy', 'max_depth': 40, 'min_samples_leaf': 1, 'min_samples_split': 2, 'splitter': 'best'}",0.6776371308016877,0.674831081081081,0.6824324324324325,0.6807432432432432,0.6782094594594594,0.6787706694035809,0.0026237293513822744,12
0.006177520751953125,0.00023366050308276832,0.0009089469909667969,0.00018375695578354615,entropy,40.0,1,2,random,"{'criterion': 'entropy', 'max_depth': 40, 'min_samples_leaf': 1, 'min_samples_split': 2, 'splitter': 'random'}",0.6489451476793249,0.6706081081081081,0.6385135135135135,0.674831081081081,0.6655405405405406,0.6596876781845136,0.013759227085356521,134
0.012528705596923827,0.0004584138048353483,0.0014065265655517577,0.000499824125594495,entropy,40.0,1,5,best,"{'criterion': 'entropy', 'max_depth': 40, 'min_samples_leaf': 1, 'min_samples_split': 5, 'splitter': 'best'}",0.6641350210970464,0.6630067567567568,0.6570945945945946,0.6722972972972973,0.6739864864864865,0.6661040312464364,0.006247074579425317,97
0.005625247955322266,0.000511647737257421,0.0010988712310791016,0.00046300315951614684,entropy,40.0,1,5,random,"{'criterion': 'entropy', 'max_depth': 40, 'min_samples_leaf': 1, 'min_samples_split': 5, 'splitter': 'random'}",0.6708860759493671,0.6494932432432432,0.6351351351351351,0.6638513513513513,0.6646959459459459,0.6568123503250086,0.012909216515152831,145
0.011630916595458984,0.0005187210864484367,0.0011993408203125,0.0003978742106170944,entropy,40.0,1,10,best,"{'criterion': 'entropy', 'max_depth': 40, 'min_samples_leaf': 1, 'min_samples_split': 10, 'splitter': 'best'}",0.6514767932489451,0.6537162162162162,0.6815878378378378,0.6773648648648649,0.6824324324324325,0.6693156289200594,0.013776890652137686,65
0.004549264907836914,0.0006916860998231509,0.0012162685394287109,0.00039342662184478,entropy,40.0,1,10,random,"{'criterion': 'entropy', 'max_depth': 40, 'min_samples_leaf': 1, 'min_samples_split': 10, 'splitter': 'random'}",0.660759493670886,0.6579391891891891,0.6587837837837838,0.6570945945945946,0.6393581081081081,0.6547870338693123,0.0078096985315245756,155
0.012826824188232422,0.0007204009737176145,0.0011084556579589843,8.938215547240527e-05,entropy,40.0,2,2,best,"{'criterion': 'entropy', 'max_depth': 40, 'min_samples_leaf': 2, 'min_samples_split': 2, 'splitter': 'best'}",0.6717299578059072,0.6494932432432432,0.660472972972973,0.6739864864864865,0.6790540540540541,0.6669473429125328,0.010635398098022147,83
0.005737972259521484,0.0005909530723182079,0.0010284423828125,5.7155771248261704e-05,entropy,40.0,2,2,random,"{'criterion': 'entropy', 'max_depth': 40, 'min_samples_leaf': 2, 'min_samples_split': 2, 'splitter': 'random'}",0.6683544303797468,0.6570945945945946,0.668918918918919,0.6503378378378378,0.6359797297297297,0.6561371022921656,0.012276040650151285,153
0.011684846878051759,0.000580174089903536,0.0011171817779541016,0.00023141096429938124,entropy,40.0,2,5,best,"{'criterion': 'entropy', 'max_depth': 40, 'min_samples_leaf': 2, 'min_samples_split': 5, 'splitter': 'best'}",0.6700421940928271,0.6579391891891891,0.6621621621621622,0.6765202702702703,0.668918918918919,0.6671165469266735,0.006465412474061439,81
0.0049611091613769535,9.712806558043841e-05,0.001123952865600586,0.00016382818813923496,entropy,40.0,2,5,random,"{'criterion': 'entropy', 'max_depth': 40, 'min_samples_leaf': 2, 'min_samples_split': 5, 'splitter': 'random'}",0.6616033755274262,0.6224662162162162,0.6587837837837838,0.6469594594594594,0.6807432432432432,0.6541112156460258,0.019182199311310183,158
0.010418844223022462,0.00038209302168279094,0.0011997222900390625,0.0003980417992713052,entropy,40.0,2,10,best,"{'criterion': 'entropy', 'max_depth': 40, 'min_samples_leaf': 2, 'min_samples_split': 10, 'splitter': 'best'}",0.6582278481012658,0.652027027027027,0.6756756756756757,0.6815878378378378,0.6756756756756757,0.6686388128634964,0.011410974894531271,72
0.004408359527587891,0.0005016743213000896,0.001008749008178711,1.5941629685916695e-05,entropy,40.0,2,10,random,"{'criterion': 'entropy', 'max_depth': 40, 'min_samples_leaf': 2, 'min_samples_split': 10, 'splitter': 'random'}",0.6303797468354431,0.6478040540540541,0.6528716216216216,0.6613175675675675,0.6478040540540541,0.6480354088265481,0.010115672448498264,174
0.01047210693359375,0.00040329350536723703,0.0012536048889160156,0.00038149654770975114,entropy,40.0,4,2,best,"{'criterion': 'entropy', 'max_depth': 40, 'min_samples_leaf': 4, 'min_samples_split': 2, 'splitter': 'best'}",0.6708860759493671,0.6461148648648649,0.6697635135135135,0.6731418918918919,0.6646959459459459,0.6649204584331166,0.009801392740730141,109
0.004670286178588867,0.000365937044866065,0.0010069847106933595,1.652610553020259e-05,entropy,40.0,4,2,random,"{'criterion': 'entropy', 'max_depth': 40, 'min_samples_leaf': 4, 'min_samples_split': 2, 'splitter': 'random'}",0.6497890295358649,0.6114864864864865,0.6224662162162162,0.637668918918919,0.6655405405405406,0.6373902383396054,0.019183211391240386,194
0.010789632797241211,0.0004387704889770636,0.000841522216796875,0.0002299492305359563,entropy,40.0,4,5,best,"{'criterion': 'entropy', 'max_depth': 40, 'min_samples_leaf': 4, 'min_samples_split': 5, 'splitter': 'best'}",0.6708860759493671,0.6511824324324325,0.6722972972972973,0.6706081081081081,0.6663851351351351,0.666271809784468,0.0077987638336678095,94
0.003987550735473633,4.3110404177389595e-05,0.0012000083923339843,0.00040028209917305374,entropy,40.0,4,5,random,"{'criterion': 'entropy', 'max_depth': 40, 'min_samples_leaf': 4, 'min_samples_split': 5, 'splitter': 'random'}",0.6556962025316456,0.6418918918918919,0.6326013513513513,0.6385135135135135,0.6587837837837838,0.6454973486144373,0.010085891106276798,179
0.010291242599487304,0.0008188439585100593,0.0014139175415039062,0.000480962753980436,entropy,40.0,4,10,best,"{'criterion': 'entropy', 'max_depth': 40, 'min_samples_leaf': 4, 'min_samples_split': 10, 'splitter': 'best'}",0.6658227848101266,0.6494932432432432,0.6798986486486487,0.6663851351351351,0.6663851351351351,0.6655969893944578,0.009645324551435014,102
0.004151821136474609,0.0002762289712186035,0.0012020587921142579,0.00039997271372331923,entropy,40.0,4,10,random,"{'criterion': 'entropy', 'max_depth': 40, 'min_samples_leaf': 4, 'min_samples_split': 10, 'splitter': 'random'}",0.6421940928270042,0.629222972972973,0.6173986486486487,0.6427364864864865,0.6148648648648649,0.6292834131599955,0.011805224663998954,198
0.013684654235839843,0.0007952244839117035,0.0012185096740722657,0.0003937967516293176,entropy,50.0,1,2,best,"{'criterion': 'entropy', 'max_depth': 50, 'min_samples_leaf': 1, 'min_samples_split': 2, 'splitter': 'best'}",0.679324894514768,0.6680743243243243,0.6782094594594594,0.6765202702702703,0.6773648648648649,0.6758987626867373,0.004020827323793259,27
0.006529378890991211,0.0005152152876053123,0.001621103286743164,0.0004763817424368075,entropy,50.0,1,2,random,"{'criterion': 'entropy', 'max_depth': 50, 'min_samples_leaf': 1, 'min_samples_split': 2, 'splitter': 'random'}",0.6784810126582278,0.6554054054054054,0.6630067567567568,0.6554054054054054,0.6866554054054054,0.6677907971262401,0.01264782235849785,77
0.01252899169921875,0.0004153796498575282,0.001207113265991211,0.0003967882877035477,entropy,50.0,1,5,best,"{'criterion': 'entropy', 'max_depth': 50, 'min_samples_leaf': 1, 'min_samples_split': 5, 'splitter': 'best'}",0.6734177215189874,0.660472972972973,0.660472972972973,0.6731418918918919,0.6790540540540541,0.6693119226821758,0.007519167983577739,67
0.005358552932739258,0.00037860241579652613,0.0009090423583984375,0.00018499114951837505,entropy,50.0,1,5,random,"{'criterion': 'entropy', 'max_depth': 50, 'min_samples_leaf': 1, 'min_samples_split': 5, 'splitter': 'random'}",0.6531645569620254,0.6866554054054054,0.6528716216216216,0.6858108108108109,0.6579391891891891,0.6672883167978105,0.015574946448321659,79
0.011505365371704102,0.0003721875151201429,0.0010149955749511718,4.0158182545972944e-05,entropy,50.0,1,10,best,"{'criterion': 'entropy', 'max_depth': 50, 'min_samples_leaf': 1, 'min_samples_split': 10, 'splitter': 'best'}",0.6540084388185654,0.652027027027027,0.6858108108108109,0.6790540540540541,0.6824324324324325,0.670666552628578,0.014581216231641641,54
0.00510873794555664,0.00013235590912024657,0.0014112472534179687,0.0005435648583889197,entropy,50.0,1,10,random,"{'criterion': 'entropy', 'max_depth': 50, 'min_samples_leaf': 1, 'min_samples_split': 10, 'splitter': 'random'}",0.6734177215189874,0.6554054054054054,0.6452702702702703,0.6579391891891891,0.6545608108108109,0.6573186794389325,0.009121346486548922,140
0.014100265502929688,0.0015551029307024062,0.001407623291015625,0.0004839468922954981,entropy,50.0,2,2,best,"{'criterion': 'entropy', 'max_depth': 50, 'min_samples_leaf': 2, 'min_samples_split': 2, 'splitter': 'best'}",0.6717299578059072,0.6503378378378378,0.6537162162162162,0.6731418918918919,0.6714527027027027,0.6640757212909112,0.00991212820645859,115
0.005732679367065429,0.00036461644444955486,0.0011247158050537109,0.00024624318688336544,entropy,50.0,2,2,random,"{'criterion': 'entropy', 'max_depth': 50, 'min_samples_leaf': 2, 'min_samples_split': 2, 'splitter': 'random'}",0.6700421940928271,0.6570945945945946,0.6545608108108109,0.668918918918919,0.6469594594594594,0.6595151955753222,0.00880113012543683,135
0.013003969192504882,0.0010930906226010013,0.0012144088745117188,0.0003893755300316407,entropy,50.0,2,5,best,"{'criterion': 'entropy', 'max_depth': 50, 'min_samples_leaf': 2, 'min_samples_split': 5, 'splitter': 'best'}",0.6691983122362869,0.6579391891891891,0.6545608108108109,0.6782094594594594,0.6722972972972973,0.6664410137986087,0.008874855594142856,89
0.0050162792205810545,2.1497583359191493e-05,0.0011511802673339843,0.00024647862612341696,entropy,50.0,2,5,random,"{'criterion': 'entropy', 'max_depth': 50, 'min_samples_leaf': 2, 'min_samples_split': 5, 'splitter': 'random'}",0.6312236286919831,0.6410472972972973,0.6494932432432432,0.6528716216216216,0.629222972972973,0.6407717527654236,0.009456089416849464,189
0.011085033416748047,0.0007713932375809251,0.0010149002075195313,3.103708118251159e-05,entropy,50.0,2,10,best,"{'criterion': 'entropy', 'max_depth': 50, 'min_samples_leaf': 2, 'min_samples_split': 10, 'splitter': 'best'}",0.659915611814346,0.6503378378378378,0.6756756756756757,0.6756756756756757,0.6773648648648649,0.66779393317368,0.010794717921166876,75
0.004226827621459961,0.0002554440556098031,0.001223134994506836,0.0003909008941936854,entropy,50.0,2,10,random,"{'criterion': 'entropy', 'max_depth': 50, 'min_samples_leaf': 2, 'min_samples_split': 10, 'splitter': 'random'}",0.660759493670886,0.6613175675675675,0.6680743243243243,0.6427364864864865,0.6714527027027027,0.6608681149503934,0.009929075570443322,126
0.012683677673339843,0.0017033580168985445,0.0013996124267578124,0.0004919520572501016,entropy,50.0,4,2,best,"{'criterion': 'entropy', 'max_depth': 50, 'min_samples_leaf': 4, 'min_samples_split': 2, 'splitter': 'best'}",0.6717299578059072,0.6461148648648649,0.6739864864864865,0.6722972972972973,0.6655405405405406,0.6659338293990192,0.010313875563551806,98
0.003914833068847656,0.00016820521155046177,0.0010004997253417968,6.14361702286011e-07,entropy,50.0,4,2,random,"{'criterion': 'entropy', 'max_depth': 50, 'min_samples_leaf': 4, 'min_samples_split': 2, 'splitter': 'random'}",0.6464135021097046,0.6410472972972973,0.6461148648648649,0.6554054054054054,0.6368243243243243,0.6451610788003193,0.006226542749264886,182
0.010731887817382813,0.0005698069447160819,0.001400899887084961,0.0004885596686687381,entropy,50.0,4,5,best,"{'criterion': 'entropy', 'max_depth': 50, 'min_samples_leaf': 4, 'min_samples_split': 5, 'splitter': 'best'}",0.6717299578059072,0.6486486486486487,0.6697635135135135,0.6680743243243243,0.6630067567567568,0.6642446402098301,0.008317712794908155,114
0.004454803466796875,0.0005230822427792305,0.0010451793670654297,5.6032403841011984e-05,entropy,50.0,4,5,random,"{'criterion': 'entropy', 'max_depth': 50, 'min_samples_leaf': 4, 'min_samples_split': 5, 'splitter': 'random'}",0.6540084388185654,0.6613175675675675,0.6494932432432432,0.6326013513513513,0.6469594594594594,0.6488760120880374,0.009487389917841075,172
0.011302852630615234,0.0009443541673306801,0.0015349388122558594,0.0004961356697859467,entropy,50.0,4,10,best,"{'criterion': 'entropy', 'max_depth': 50, 'min_samples_leaf': 4, 'min_samples_split': 10, 'splitter': 'best'}",0.6641350210970464,0.6494932432432432,0.6807432432432432,0.6663851351351351,0.6663851351351351,0.6654283555707605,0.009919447138241763,105
0.004500341415405273,0.0002541104273639976,0.000993967056274414,0.00027253231383254104,entropy,50.0,4,10,random,"{'criterion': 'entropy', 'max_depth': 50, 'min_samples_leaf': 4, 'min_samples_split': 10, 'splitter': 'random'}",0.6413502109704642,0.6528716216216216,0.6224662162162162,0.6824324324324325,0.6385135135135135,0.6475267989508496,0.01997194401447359,175
